INSERT INTO type(id,name) values (1,'Processeur');
INSERT INTO type(id,name) values (2,'Carte Mère');
INSERT INTO type(id,name) values (3,'RAM');
INSERT INTO type(id,name) values (4,'Carte Graphique');

INSERT INTO model(id,name,type_id) values (1,'E5500',1);
INSERT INTO model(id,name,type_id) values (2,'Intel Core i7 7700',1);
INSERT INTO model(id,name,type_id) values (3,'AMD Athlon II',1);
INSERT INTO model(id,name,type_id) values (4,'Asus PK 5KLM',2);
INSERT INTO model(id,name,type_id) values (5,'MSI H81',2);
INSERT INTO model(id,name,type_id) values (6,'Gigabyte B85',2);
INSERT INTO model(id,name,type_id) values (7,'Corsair DDR3 2Go 1333MHz CAS9',3);
INSERT INTO model(id,name,type_id) values (8,'Kingston DDR3 4Go 1600MHz CAS11',3);
INSERT INTO model(id,name,type_id) values (9,'Asus Nvidia 8400 GS',4);
INSERT INTO model(id,name,type_id) values (10,'Asus GeForce 210',4);
INSERT INTO model(id,name,type_id) values (11,'Asus Radeon RX 470',4);

INSERT INTO state(id,name) values (1,'rangé');
INSERT INTO state(id,name) values (2,'utilisé');
INSERT INTO state(id,name) values (3,'prêté');

INSERT INTO component (id,name,introduced,discontinued,state_id,state_details,model_id,details) VALUES (1,"tincidunt.","2004-12-08","2016-01-12 12",3,"Lorem ipsum dolor",4,"Lorem");
INSERT INTO component (id,name,introduced,discontinued,state_id,state_details,model_id,details) VALUES (2,"mi","2007-03-09","2009-07-05 19",3,"Lorem ipsum",1,"Lorem ipsum");
INSERT INTO component (id,name,introduced,discontinued,state_id,state_details,model_id,details) VALUES (3,"Aenean","2005-04-02","2009-11-09 12",2,"Lorem ipsum dolor sit amet, consectetuer adipiscing",5,"Lorem ipsum dolor sit amet, consectetuer adipiscing elit. Curabitur sed tortor. Integer aliquam adipiscing lacus. Ut");
INSERT INTO component (id,name,introduced,discontinued,state_id,state_details,model_id,details) VALUES (4,"iaculis","2005-01-25","2013-09-23 08",2,"Lorem ipsum dolor sit amet, consectetuer adipiscing",6,"Lorem ipsum dolor sit amet, consectetuer adipiscing elit. Curabitur sed tortor.");
INSERT INTO component (id,name,introduced,discontinued,state_id,state_details,model_id,details) VALUES (5,"sit","2003-01-21","2010-12-08 19",1,"Lorem ipsum dolor",8,"Lorem ipsum dolor sit");
INSERT INTO component (id,name,introduced,discontinued,state_id,state_details,model_id,details) VALUES (6,"a","2005-03-02","2010-04-12 18",3,"Lorem ipsum dolor sit amet, consectetuer adipiscing elit.",10,"Lorem ipsum dolor sit amet, consectetuer adipiscing elit. Curabitur sed tortor. Integer aliquam adipiscing lacus. Ut nec urna et arcu");
INSERT INTO component (id,name,introduced,discontinued,state_id,state_details,model_id,details) VALUES (7,"dui","2001-04-27","2014-03-11 00",1,"Lorem ipsum dolor sit amet,",7,"Lorem ipsum dolor sit amet, consectetuer adipiscing elit. Curabitur");
INSERT INTO component (id,name,introduced,discontinued,state_id,state_details,model_id,details) VALUES (8,"mauris","2000-03-03","2010-02-23 05",1,"Lorem ipsum dolor sit amet,",3,"Lorem ipsum dolor sit amet, consectetuer adipiscing elit. Curabitur");
INSERT INTO component (id,name,introduced,discontinued,state_id,state_details,model_id,details) VALUES (9,"quis","2006-10-16","2015-04-04 11",3,"Lorem ipsum dolor sit amet, consectetuer",3,"Lorem ipsum dolor sit amet, consectetuer adipiscing elit. Curabitur sed tortor. Integer aliquam adipiscing lacus. Ut");
INSERT INTO component (id,name,introduced,discontinued,state_id,state_details,model_id,details) VALUES (10,"luctus","2003-06-03","2012-08-30 18",1,"Lorem",5,"Lorem ipsum dolor sit amet, consectetuer adipiscing elit. Curabitur sed");
INSERT INTO component (id,name,introduced,discontinued,state_id,state_details,model_id,details) VALUES (11,"tellus","2004-01-21","2013-04-24 23",1,"Lorem",2,"Lorem ipsum dolor sit amet, consectetuer");
INSERT INTO component (id,name,introduced,discontinued,state_id,state_details,model_id,details) VALUES (12,"sem","2000-03-28","2016-09-17 02",1,"Lorem ipsum dolor sit amet, consectetuer adipiscing elit.",10,"Lorem ipsum dolor sit amet, consectetuer adipiscing elit.");
INSERT INTO component (id,name,introduced,discontinued,state_id,state_details,model_id,details) VALUES (13,"laoreet","2003-10-09","2014-01-16 13",2,"Lorem ipsum dolor",2,"Lorem ipsum dolor sit amet, consectetuer adipiscing elit.");
INSERT INTO component (id,name,introduced,discontinued,state_id,state_details,model_id,details) VALUES (14,"lacus.","2005-12-08","2015-01-26 19",1,"Lorem ipsum dolor sit amet, consectetuer",10,"Lorem ipsum dolor sit amet, consectetuer adipiscing elit. Curabitur sed tortor. Integer aliquam adipiscing lacus. Ut nec urna et");
INSERT INTO component (id,name,introduced,discontinued,state_id,state_details,model_id,details) VALUES (15,"enim.","2003-08-09","2011-03-31 10",2,"Lorem ipsum dolor sit amet, consectetuer",3,"Lorem ipsum dolor sit amet, consectetuer adipiscing");
INSERT INTO component (id,name,introduced,discontinued,state_id,state_details,model_id,details) VALUES (16,"ridiculus","2000-11-25","2017-11-08 14",1,"Lorem ipsum dolor sit amet,",8,"Lorem ipsum");
INSERT INTO component (id,name,introduced,discontinued,state_id,state_details,model_id,details) VALUES (17,"pede.","2005-09-30","2014-05-24 21",2,"Lorem ipsum dolor",8,"Lorem ipsum dolor sit amet, consectetuer adipiscing elit. Curabitur sed tortor.");
INSERT INTO component (id,name,introduced,discontinued,state_id,state_details,model_id,details) VALUES (18,"felis","2002-12-29","2010-05-17 04",2,"Lorem ipsum dolor sit amet, consectetuer",2,"Lorem ipsum dolor sit amet, consectetuer adipiscing elit. Curabitur sed tortor. Integer aliquam adipiscing");
INSERT INTO component (id,name,introduced,discontinued,state_id,state_details,model_id,details) VALUES (19,"egestas","2007-09-28","2010-08-26 22",1,"Lorem ipsum dolor sit amet, consectetuer adipiscing",10,"Lorem ipsum dolor sit amet, consectetuer adipiscing elit.");
INSERT INTO component (id,name,introduced,discontinued,state_id,state_details,model_id,details) VALUES (20,"risus","2003-04-08","2017-02-27 00",1,"Lorem ipsum dolor sit amet, consectetuer adipiscing elit.",6,"Lorem ipsum dolor sit amet, consectetuer adipiscing elit. Curabitur sed tortor. Integer aliquam adipiscing lacus. Ut nec urna et arcu");
INSERT INTO component (id,name,introduced,discontinued,state_id,state_details,model_id,details) VALUES (21,"Ut","2002-05-06","2017-12-03 11",2,"Lorem ipsum",6,"Lorem ipsum dolor sit amet, consectetuer adipiscing elit. Curabitur sed tortor. Integer aliquam adipiscing lacus. Ut nec urna et arcu");
INSERT INTO component (id,name,introduced,discontinued,state_id,state_details,model_id,details) VALUES (22,"ipsum.","2003-03-24","2011-12-31 23",3,"Lorem ipsum dolor",11,"Lorem ipsum dolor sit amet, consectetuer adipiscing elit. Curabitur sed tortor. Integer aliquam adipiscing lacus. Ut");
INSERT INTO component (id,name,introduced,discontinued,state_id,state_details,model_id,details) VALUES (23,"nibh.","2006-06-12","2010-10-28 19",1,"Lorem ipsum dolor sit amet, consectetuer adipiscing elit.",9,"Lorem ipsum dolor sit amet, consectetuer adipiscing elit. Curabitur sed tortor. Integer aliquam adipiscing lacus. Ut nec urna et arcu");
INSERT INTO component (id,name,introduced,discontinued,state_id,state_details,model_id,details) VALUES (24,"Aliquam","2006-03-31","2016-11-15 17",3,"Lorem ipsum dolor",6,"Lorem ipsum dolor sit amet, consectetuer adipiscing");
INSERT INTO component (id,name,introduced,discontinued,state_id,state_details,model_id,details) VALUES (25,"id","2000-11-20","2009-01-17 05",1,"Lorem",11,"Lorem ipsum dolor sit amet, consectetuer adipiscing elit. Curabitur sed tortor.");
INSERT INTO component (id,name,introduced,discontinued,state_id,state_details,model_id,details) VALUES (26,"neque","2006-08-21","2009-11-13 11",1,"Lorem ipsum dolor sit amet, consectetuer",11,"Lorem ipsum dolor sit amet, consectetuer adipiscing elit. Curabitur sed tortor. Integer aliquam adipiscing lacus. Ut nec urna et");
INSERT INTO component (id,name,introduced,discontinued,state_id,state_details,model_id,details) VALUES (27,"libero","2001-09-17","2015-08-14 22",2,"Lorem ipsum dolor sit amet, consectetuer adipiscing elit.",5,"Lorem ipsum dolor sit amet, consectetuer adipiscing elit. Curabitur sed tortor. Integer aliquam adipiscing lacus. Ut nec urna et arcu");
INSERT INTO component (id,name,introduced,discontinued,state_id,state_details,model_id,details) VALUES (28,"cursus","2006-12-12","2008-05-04 15",1,"Lorem ipsum dolor",1,"Lorem ipsum dolor sit amet, consectetuer adipiscing elit. Curabitur sed tortor. Integer aliquam adipiscing lacus. Ut nec");
INSERT INTO component (id,name,introduced,discontinued,state_id,state_details,model_id,details) VALUES (29,"sapien.","2007-04-18","2016-07-19 18",2,"Lorem ipsum dolor sit",3,"Lorem ipsum dolor sit amet, consectetuer adipiscing elit. Curabitur sed tortor. Integer aliquam");
INSERT INTO component (id,name,introduced,discontinued,state_id,state_details,model_id,details) VALUES (30,"nisl","2004-10-24","2015-07-14 20",2,"Lorem ipsum dolor",9,"Lorem ipsum dolor sit amet, consectetuer adipiscing elit.");
INSERT INTO component (id,name,introduced,discontinued,state_id,state_details,model_id,details) VALUES (31,"tempus","2002-09-20","2012-05-29 18",1,"Lorem ipsum dolor sit amet, consectetuer",9,"Lorem ipsum dolor sit amet, consectetuer adipiscing elit. Curabitur sed tortor. Integer aliquam");
INSERT INTO component (id,name,introduced,discontinued,state_id,state_details,model_id,details) VALUES (32,"scelerisque","2000-12-07","2016-08-17 13",1,"Lorem ipsum dolor sit amet, consectetuer adipiscing elit.",11,"Lorem ipsum dolor sit amet, consectetuer adipiscing elit. Curabitur sed tortor. Integer aliquam adipiscing lacus.");
INSERT INTO component (id,name,introduced,discontinued,state_id,state_details,model_id,details) VALUES (33,"ipsum","2005-02-18","2011-08-23 03",1,"Lorem ipsum",2,"Lorem");
INSERT INTO component (id,name,introduced,discontinued,state_id,state_details,model_id,details) VALUES (34,"Suspendisse","2006-10-02","2010-07-24 08",3,"Lorem",4,"Lorem ipsum dolor sit amet,");
INSERT INTO component (id,name,introduced,discontinued,state_id,state_details,model_id,details) VALUES (35,"nibh","2007-09-28","2009-04-27 02",2,"Lorem ipsum",2,"Lorem");
INSERT INTO component (id,name,introduced,discontinued,state_id,state_details,model_id,details) VALUES (36,"at","2005-07-29","2014-05-13 14",3,"Lorem ipsum dolor sit amet,",3,"Lorem ipsum dolor sit amet, consectetuer adipiscing elit. Curabitur sed tortor. Integer");
INSERT INTO component (id,name,introduced,discontinued,state_id,state_details,model_id,details) VALUES (37,"quis","2000-08-19","2016-07-07 22",1,"Lorem ipsum dolor sit",4,"Lorem ipsum dolor sit amet, consectetuer");
INSERT INTO component (id,name,introduced,discontinued,state_id,state_details,model_id,details) VALUES (38,"gravida","2007-06-09","2012-07-10 11",2,"Lorem ipsum dolor sit amet, consectetuer",3,"Lorem ipsum dolor sit amet, consectetuer adipiscing elit. Curabitur sed tortor. Integer aliquam adipiscing");
INSERT INTO component (id,name,introduced,discontinued,state_id,state_details,model_id,details) VALUES (39,"consectetuer","2007-10-20","2017-04-27 07",1,"Lorem ipsum dolor sit amet, consectetuer adipiscing",6,"Lorem ipsum dolor sit amet,");
INSERT INTO component (id,name,introduced,discontinued,state_id,state_details,model_id,details) VALUES (40,"adipiscing","2002-02-04","2008-10-26 23",2,"Lorem ipsum dolor sit amet,",5,"Lorem ipsum dolor sit amet, consectetuer adipiscing elit. Curabitur sed tortor. Integer aliquam adipiscing lacus. Ut");
INSERT INTO component (id,name,introduced,discontinued,state_id,state_details,model_id,details) VALUES (41,"sit","2001-10-02","2017-12-20 23",3,"Lorem",8,"Lorem ipsum dolor sit amet,");
INSERT INTO component (id,name,introduced,discontinued,state_id,state_details,model_id,details) VALUES (42,"suscipit","2001-08-03","2017-03-07 10",2,"Lorem ipsum dolor sit amet,",6,"Lorem ipsum dolor sit amet, consectetuer adipiscing elit. Curabitur sed tortor. Integer aliquam");
INSERT INTO component (id,name,introduced,discontinued,state_id,state_details,model_id,details) VALUES (43,"at,","2002-02-09","2008-01-14 19",3,"Lorem ipsum dolor sit",10,"Lorem ipsum dolor sit amet, consectetuer");
INSERT INTO component (id,name,introduced,discontinued,state_id,state_details,model_id,details) VALUES (44,"adipiscing,","2003-08-10","2017-11-02 19",1,"Lorem ipsum dolor sit amet, consectetuer adipiscing elit.",8,"Lorem ipsum dolor sit amet, consectetuer adipiscing elit. Curabitur sed tortor. Integer aliquam adipiscing lacus. Ut");
INSERT INTO component (id,name,introduced,discontinued,state_id,state_details,model_id,details) VALUES (45,"consequat","2005-02-20","2014-06-03 12",1,"Lorem ipsum",8,"Lorem ipsum dolor sit amet,");
INSERT INTO component (id,name,introduced,discontinued,state_id,state_details,model_id,details) VALUES (46,"nec,","2000-06-02","2012-10-08 11",2,"Lorem ipsum",7,"Lorem ipsum dolor sit amet, consectetuer adipiscing elit. Curabitur sed tortor. Integer");
INSERT INTO component (id,name,introduced,discontinued,state_id,state_details,model_id,details) VALUES (47,"tempus,","2006-11-30","2012-03-29 03",1,"Lorem ipsum dolor sit",5,"Lorem ipsum dolor sit amet, consectetuer adipiscing elit. Curabitur sed tortor.");
INSERT INTO component (id,name,introduced,discontinued,state_id,state_details,model_id,details) VALUES (48,"id","2006-06-03","2009-12-29 07",1,"Lorem ipsum dolor sit amet, consectetuer adipiscing",6,"Lorem ipsum dolor sit amet,");
INSERT INTO component (id,name,introduced,discontinued,state_id,state_details,model_id,details) VALUES (49,"Curae;","2000-11-30","2010-05-14 09",1,"Lorem ipsum dolor sit amet, consectetuer",4,"Lorem ipsum dolor sit amet, consectetuer adipiscing elit. Curabitur sed tortor.");
INSERT INTO component (id,name,introduced,discontinued,state_id,state_details,model_id,details) VALUES (50,"Etiam","2001-11-29","2012-05-24 19",3,"Lorem ipsum dolor sit amet, consectetuer adipiscing",7,"Lorem ipsum dolor sit amet, consectetuer adipiscing elit. Curabitur sed tortor. Integer aliquam adipiscing lacus. Ut nec urna");
INSERT INTO component (id,name,introduced,discontinued,state_id,state_details,model_id,details) VALUES (51,"non","2007-12-02","2017-12-02 19",2,"Lorem",11,"Lorem ipsum dolor");
INSERT INTO component (id,name,introduced,discontinued,state_id,state_details,model_id,details) VALUES (52,"tortor.","2003-01-22","2013-10-13 09",3,"Lorem ipsum dolor sit",4,"Lorem ipsum dolor sit amet, consectetuer adipiscing elit.");
INSERT INTO component (id,name,introduced,discontinued,state_id,state_details,model_id,details) VALUES (53,"dui.","2006-12-28","2008-06-23 22",2,"Lorem ipsum",8,"Lorem ipsum dolor sit amet, consectetuer adipiscing elit. Curabitur sed tortor.");
INSERT INTO component (id,name,introduced,discontinued,state_id,state_details,model_id,details) VALUES (54,"non,","2005-09-12","2015-12-07 19",2,"Lorem ipsum dolor",4,"Lorem ipsum dolor sit amet, consectetuer adipiscing elit. Curabitur sed");
INSERT INTO component (id,name,introduced,discontinued,state_id,state_details,model_id,details) VALUES (55,"tristique","2001-07-26","2009-05-31 02",3,"Lorem ipsum dolor sit amet, consectetuer",8,"Lorem ipsum dolor sit");
INSERT INTO component (id,name,introduced,discontinued,state_id,state_details,model_id,details) VALUES (56,"nec","2006-08-17","2016-10-23 19",1,"Lorem ipsum dolor sit amet, consectetuer adipiscing elit.",10,"Lorem ipsum dolor sit amet, consectetuer");
INSERT INTO component (id,name,introduced,discontinued,state_id,state_details,model_id,details) VALUES (57,"bibendum","2003-11-14","2017-10-14 14",1,"Lorem",11,"Lorem ipsum dolor sit amet, consectetuer adipiscing elit. Curabitur sed");
INSERT INTO component (id,name,introduced,discontinued,state_id,state_details,model_id,details) VALUES (58,"fringilla","2002-11-29","2017-06-26 12",3,"Lorem ipsum dolor",4,"Lorem ipsum dolor sit amet, consectetuer adipiscing elit.");
INSERT INTO component (id,name,introduced,discontinued,state_id,state_details,model_id,details) VALUES (59,"dapibus","2006-11-14","2011-04-02 03",2,"Lorem ipsum dolor",4,"Lorem ipsum dolor sit amet, consectetuer");
INSERT INTO component (id,name,introduced,discontinued,state_id,state_details,model_id,details) VALUES (60,"accumsan","2007-04-06","2014-12-19 05",1,"Lorem ipsum dolor sit amet, consectetuer",4,"Lorem ipsum dolor sit amet, consectetuer adipiscing elit. Curabitur sed tortor. Integer aliquam adipiscing lacus. Ut nec urna et");
INSERT INTO component (id,name,introduced,discontinued,state_id,state_details,model_id,details) VALUES (61,"velit","2003-08-17","2009-01-29 14",2,"Lorem ipsum dolor sit amet, consectetuer adipiscing",10,"Lorem ipsum dolor sit amet, consectetuer adipiscing elit. Curabitur sed tortor. Integer aliquam adipiscing lacus.");
INSERT INTO component (id,name,introduced,discontinued,state_id,state_details,model_id,details) VALUES (62,"Class","2000-07-02","2015-12-22 10",1,"Lorem ipsum dolor sit amet,",9,"Lorem ipsum dolor sit amet, consectetuer adipiscing elit. Curabitur sed");
INSERT INTO component (id,name,introduced,discontinued,state_id,state_details,model_id,details) VALUES (63,"non,","2004-08-23","2008-12-10 01",3,"Lorem",2,"Lorem ipsum dolor sit amet, consectetuer adipiscing elit. Curabitur sed");
INSERT INTO component (id,name,introduced,discontinued,state_id,state_details,model_id,details) VALUES (64,"Vivamus","2001-05-28","2015-05-24 07",3,"Lorem ipsum dolor sit",8,"Lorem ipsum");
INSERT INTO component (id,name,introduced,discontinued,state_id,state_details,model_id,details) VALUES (65,"Nullam","2002-09-03","2011-09-11 19",2,"Lorem ipsum dolor sit amet,",1,"Lorem ipsum dolor sit amet, consectetuer adipiscing elit. Curabitur sed tortor. Integer aliquam adipiscing lacus. Ut nec");
INSERT INTO component (id,name,introduced,discontinued,state_id,state_details,model_id,details) VALUES (66,"pede","2002-01-16","2013-06-26 02",2,"Lorem ipsum dolor sit amet, consectetuer",9,"Lorem ipsum dolor sit amet, consectetuer adipiscing elit. Curabitur sed tortor.");
INSERT INTO component (id,name,introduced,discontinued,state_id,state_details,model_id,details) VALUES (67,"Donec","2007-03-09","2014-01-22 20",3,"Lorem ipsum dolor sit amet, consectetuer adipiscing",11,"Lorem ipsum dolor sit amet, consectetuer adipiscing elit. Curabitur sed tortor. Integer aliquam adipiscing lacus.");
INSERT INTO component (id,name,introduced,discontinued,state_id,state_details,model_id,details) VALUES (68,"vehicula","2000-01-22","2009-03-12 02",1,"Lorem ipsum dolor sit amet,",6,"Lorem ipsum dolor sit amet, consectetuer adipiscing elit. Curabitur sed tortor. Integer");
INSERT INTO component (id,name,introduced,discontinued,state_id,state_details,model_id,details) VALUES (69,"nisi.","2004-02-04","2013-05-15 14",1,"Lorem",2,"Lorem ipsum dolor sit amet, consectetuer adipiscing elit. Curabitur sed tortor. Integer aliquam");
INSERT INTO component (id,name,introduced,discontinued,state_id,state_details,model_id,details) VALUES (70,"eget","2005-06-07","2009-12-22 06",2,"Lorem ipsum dolor sit",6,"Lorem ipsum dolor sit amet, consectetuer");
INSERT INTO component (id,name,introduced,discontinued,state_id,state_details,model_id,details) VALUES (71,"vulputate","2001-09-30","2017-11-22 21",3,"Lorem ipsum dolor sit amet,",3,"Lorem ipsum dolor sit amet, consectetuer adipiscing elit. Curabitur sed tortor. Integer aliquam adipiscing lacus. Ut");
INSERT INTO component (id,name,introduced,discontinued,state_id,state_details,model_id,details) VALUES (72,"justo.","2002-02-15","2008-12-15 20",3,"Lorem",2,"Lorem ipsum dolor sit amet, consectetuer adipiscing elit. Curabitur sed");
INSERT INTO component (id,name,introduced,discontinued,state_id,state_details,model_id,details) VALUES (73,"Proin","2000-07-08","2012-10-19 22",3,"Lorem ipsum dolor sit amet, consectetuer",4,"Lorem ipsum dolor sit amet, consectetuer adipiscing elit.");
INSERT INTO component (id,name,introduced,discontinued,state_id,state_details,model_id,details) VALUES (74,"cursus.","2001-02-24","2017-10-07 06",3,"Lorem ipsum dolor sit amet,",3,"Lorem ipsum dolor sit amet, consectetuer adipiscing");
INSERT INTO component (id,name,introduced,discontinued,state_id,state_details,model_id,details) VALUES (75,"eget","2002-02-04","2016-12-11 23",3,"Lorem ipsum dolor sit amet, consectetuer adipiscing",4,"Lorem ipsum dolor sit amet, consectetuer adipiscing elit. Curabitur sed");
INSERT INTO component (id,name,introduced,discontinued,state_id,state_details,model_id,details) VALUES (76,"nonummy","2000-02-17","2009-08-28 12",1,"Lorem ipsum dolor sit amet, consectetuer adipiscing",10,"Lorem ipsum dolor sit amet, consectetuer adipiscing elit. Curabitur sed tortor. Integer aliquam adipiscing lacus. Ut nec urna et");
INSERT INTO component (id,name,introduced,discontinued,state_id,state_details,model_id,details) VALUES (77,"amet","2002-03-29","2009-12-01 15",3,"Lorem",9,"Lorem ipsum dolor sit amet, consectetuer adipiscing elit. Curabitur sed tortor. Integer");
INSERT INTO component (id,name,introduced,discontinued,state_id,state_details,model_id,details) VALUES (78,"Aliquam","2004-05-26","2010-07-24 09",1,"Lorem ipsum dolor sit",4,"Lorem ipsum dolor sit amet, consectetuer adipiscing elit. Curabitur sed tortor. Integer aliquam");
INSERT INTO component (id,name,introduced,discontinued,state_id,state_details,model_id,details) VALUES (79,"dui","2000-09-02","2017-05-13 15",3,"Lorem",7,"Lorem ipsum dolor sit amet, consectetuer");
INSERT INTO component (id,name,introduced,discontinued,state_id,state_details,model_id,details) VALUES (80,"bibendum","2006-03-20","2016-03-03 21",1,"Lorem",2,"Lorem ipsum dolor sit amet, consectetuer adipiscing elit. Curabitur sed");
INSERT INTO component (id,name,introduced,discontinued,state_id,state_details,model_id,details) VALUES (81,"dui","2003-01-25","2010-07-16 21",3,"Lorem ipsum dolor sit",5,"Lorem");
INSERT INTO component (id,name,introduced,discontinued,state_id,state_details,model_id,details) VALUES (82,"Cras","2000-11-06","2014-08-09 06",2,"Lorem ipsum dolor sit amet, consectetuer adipiscing elit.",8,"Lorem ipsum dolor sit amet, consectetuer adipiscing elit. Curabitur sed tortor. Integer");
INSERT INTO component (id,name,introduced,discontinued,state_id,state_details,model_id,details) VALUES (83,"tincidunt","2007-05-15","2008-03-11 02",3,"Lorem ipsum dolor sit amet,",7,"Lorem ipsum dolor sit amet, consectetuer adipiscing elit. Curabitur sed tortor. Integer aliquam adipiscing lacus. Ut nec");
INSERT INTO component (id,name,introduced,discontinued,state_id,state_details,model_id,details) VALUES (84,"Proin","2006-11-03","2016-11-27 12",2,"Lorem ipsum dolor sit",4,"Lorem ipsum dolor sit amet, consectetuer adipiscing elit. Curabitur sed tortor. Integer aliquam");
INSERT INTO component (id,name,introduced,discontinued,state_id,state_details,model_id,details) VALUES (85,"in","2007-07-15","2008-02-04 23",1,"Lorem ipsum dolor sit amet, consectetuer adipiscing elit.",1,"Lorem ipsum dolor sit amet, consectetuer adipiscing elit. Curabitur sed tortor. Integer aliquam");
INSERT INTO component (id,name,introduced,discontinued,state_id,state_details,model_id,details) VALUES (86,"augue","2000-09-23","2010-01-19 06",1,"Lorem ipsum dolor",9,"Lorem ipsum dolor");
INSERT INTO component (id,name,introduced,discontinued,state_id,state_details,model_id,details) VALUES (87,"viverra.","2002-01-17","2014-11-27 21",3,"Lorem ipsum dolor sit amet, consectetuer adipiscing elit.",7,"Lorem ipsum dolor sit amet, consectetuer adipiscing elit. Curabitur sed tortor. Integer");
INSERT INTO component (id,name,introduced,discontinued,state_id,state_details,model_id,details) VALUES (88,"Nulla","2000-08-09","2010-03-09 08",3,"Lorem ipsum dolor",6,"Lorem ipsum dolor sit amet, consectetuer adipiscing elit. Curabitur sed tortor. Integer aliquam adipiscing lacus.");
INSERT INTO component (id,name,introduced,discontinued,state_id,state_details,model_id,details) VALUES (89,"eget","2001-10-11","2008-07-13 22",3,"Lorem ipsum dolor sit amet, consectetuer adipiscing elit.",9,"Lorem ipsum dolor sit amet, consectetuer adipiscing elit. Curabitur sed tortor.");
INSERT INTO component (id,name,introduced,discontinued,state_id,state_details,model_id,details) VALUES (90,"nunc","2006-01-04","2012-09-23 03",1,"Lorem ipsum",9,"Lorem");
INSERT INTO component (id,name,introduced,discontinued,state_id,state_details,model_id,details) VALUES (91,"Quisque","2002-07-27","2010-09-07 00",1,"Lorem ipsum dolor sit",2,"Lorem ipsum dolor sit amet, consectetuer adipiscing elit. Curabitur sed tortor. Integer aliquam adipiscing lacus. Ut");
INSERT INTO component (id,name,introduced,discontinued,state_id,state_details,model_id,details) VALUES (92,"sit","2003-01-17","2015-10-23 11",1,"Lorem ipsum dolor sit amet, consectetuer adipiscing",10,"Lorem ipsum dolor sit amet, consectetuer adipiscing elit. Curabitur sed tortor. Integer aliquam adipiscing lacus.");
INSERT INTO component (id,name,introduced,discontinued,state_id,state_details,model_id,details) VALUES (93,"commodo","2004-12-26","2008-02-09 17",1,"Lorem",10,"Lorem ipsum dolor sit amet, consectetuer adipiscing elit. Curabitur sed");
INSERT INTO component (id,name,introduced,discontinued,state_id,state_details,model_id,details) VALUES (94,"consectetuer","2005-03-31","2016-05-23 01",3,"Lorem ipsum dolor sit",9,"Lorem ipsum dolor sit amet, consectetuer adipiscing elit. Curabitur sed tortor. Integer aliquam");
INSERT INTO component (id,name,introduced,discontinued,state_id,state_details,model_id,details) VALUES (95,"Aenean","2005-09-16","2017-09-02 08",1,"Lorem ipsum",10,"Lorem ipsum dolor sit amet, consectetuer adipiscing elit. Curabitur sed");
INSERT INTO component (id,name,introduced,discontinued,state_id,state_details,model_id,details) VALUES (96,"lectus","2000-06-30","2017-09-01 23",3,"Lorem ipsum dolor sit amet, consectetuer adipiscing",11,"Lorem ipsum dolor sit amet, consectetuer adipiscing elit. Curabitur sed tortor. Integer aliquam adipiscing lacus. Ut");
INSERT INTO component (id,name,introduced,discontinued,state_id,state_details,model_id,details) VALUES (97,"volutpat","2007-01-06","2017-01-02 21",1,"Lorem ipsum dolor sit amet, consectetuer adipiscing",6,"Lorem ipsum dolor sit");
INSERT INTO component (id,name,introduced,discontinued,state_id,state_details,model_id,details) VALUES (98,"tincidunt","2004-08-25","2011-05-26 05",2,"Lorem ipsum dolor sit amet, consectetuer",6,"Lorem ipsum dolor sit amet, consectetuer adipiscing elit. Curabitur sed tortor. Integer aliquam");
INSERT INTO component (id,name,introduced,discontinued,state_id,state_details,model_id,details) VALUES (99,"varius","2000-04-18","2014-12-11 21",1,"Lorem ipsum",3,"Lorem ipsum dolor sit amet, consectetuer adipiscing");
INSERT INTO component (id,name,introduced,discontinued,state_id,state_details,model_id,details) VALUES (100,"egestas","2004-06-23","2012-09-17 14",2,"Lorem",6,"Lorem ipsum dolor sit amet, consectetuer adipiscing elit. Curabitur sed tortor. Integer aliquam adipiscing lacus. Ut nec");
